{
    "user1": {
        "user4": 0.0
    },
    "user4": {
        "user2": 0.363455636907725,
        "user1": 0.0
    },
    "user2": {
        "user4": 0.363455636907725
    }
}